{
  "project_info": {
    "project_number": "336696678980",
    "project_id": "proyecto1-4e8a5",
    "storage_bucket": "proyecto1-4e8a5.appspot.com"
  },
  "client": [
    {
      "client_info": {
        "mobilesdk_app_id": "1:336696678980:android:f32d60d14cf7dd33bafa11",
        "android_client_info": {
          "package_name": "mx.edu.tesoem.proyecto1"
        }
      },
      "oauth_client": [
        {
          "client_id": "336696678980-ld11nelk4q5q60ov6h71b9ik8mlj1mbd.apps.googleusercontent.com",
          "client_type": 3
        }
      ],
      "api_key": [
        {
          "current_key": "AIzaSyDJCOcJ0iHznylIIk54odGt_YSsa9Qr5EY"
        }
      ],
      "services": {
        "appinvite_service": {
          "other_platform_oauth_client": [
            {
              "client_id": "336696678980-ld11nelk4q5q60ov6h71b9ik8mlj1mbd.apps.googleusercontent.com",
              "client_type": 3
            }
          ]
        }
      }
    }
  ],
  "configuration_version": "1"
}